{
  "$schema": "https://schema.management.azure.com/schemas/2019-04-01/deploymentParameters.json#",
  "contentVersion": "1.0.0.0",
  "parameters": {
    "location": { "value": "<LOCATION>" },
    "rgName": { "value": "<RESOURCE_GROUP>" },
    "containerAppName": { "value": "<ACA_APP>" },
    "envName": { "value": "<ACA_ENV>" },
    "image": { "value": "<ACR_LOGIN_SERVER>/claim-status-api:1.0.0" },
    "registryServer": { "value": "<ACR_LOGIN_SERVER>" },
    "openAiEndpoint": { "value": "<AZURE_OPENAI_ENDPOINT>" },
    "openAiDeployment": { "value": "<AZURE_OPENAI_DEPLOYMENT>" },
    "openAiApiVersion": { "value": "2024-02-15-preview" },
    "openAiKey": { "value": "<AZURE_OPENAI_KEY>" }
  }
}
