[
  {
    "id": "C-1001",
    "policyNumber": "P-9001",
    "customerName": "Alice Janssen",
    "status": "InReview",
    "amount": 1250.5,
    "currency": "EUR",
    "lastUpdated": "2025-10-01T10:00:00Z"
  },
  {
    "id": "C-1002",
    "policyNumber": "P-9002",
    "customerName": "Bob de Vries",
    "status": "Approved",
    "amount": 820.0,
    "currency": "EUR",
    "lastUpdated": "2025-10-03T09:30:00Z"
  },
  {
    "id": "C-1003",
    "policyNumber": "P-9003",
    "customerName": "Clara Visser",
    "status": "Submitted",
    "amount": 300.0,
    "currency": "EUR",
    "lastUpdated": "2025-10-05T13:20:00Z"
  }
]