<policies>
  <inbound>
    <base />
    <choose>
      <when condition="@(context.Request.Headers.ContainsKey(\"Ocp-Apim-Subscription-Key\"))">
        <rate-limit-by-key calls="60" renewal-period="60"
          counter-key="@(context.Subscription?.Key ?? context.Request.IpAddress)" />
        <set-backend-service base-url="https://<YOUR-ACA-INGRESS-HOST>"/>
      </when>
      <otherwise>
        <return-response>
          <set-status code="401" reason="Unauthorized" />
          <set-header name="WWW-Authenticate" exists-action="override">
            <value>Subscription key missing</value>
          </set-header>
          <set-body>Subscription key is missing</set-body>
        </return-response>
      </otherwise>
    </choose>
  </inbound>
  <backend>
    <base />
  </backend>
  <outbound>
    <base />
  </outbound>
  <on-error>
    <base />
  </on-error>
</policies>
