[
  {
    "id": "C-1001",
    "policyNumber": "P-9001",
    "customerName": "Alice Janssen",
    "status": "InReview",
    "amount": 1250.5,
    "currency": "EUR",
    "lastUpdated": "2025-10-01T10:00:00Z"
  },
  {
    "id": "C-1002",
    "policyNumber": "P-9002",
    "customerName": "Bob de Vries",
    "status": "Approved",
    "amount": 820.0,
    "currency": "EUR",
    "lastUpdated": "2025-10-03T09:30:00Z"
  },
  {
    "id": "C-1003",
    "policyNumber": "P-9003",
    "customerName": "Clara Visser",
    "status": "Submitted",
    "amount": 300.0,
    "currency": "EUR",
    "lastUpdated": "2025-10-05T13:20:00Z"
  },
  {
    "id": "C-1004",
    "policyNumber": "P-9004",
    "customerName": "Diego Bakker",
    "status": "Rejected",
    "amount": 142.75,
    "currency": "EUR",
    "lastUpdated": "2025-10-06T08:15:00Z"
  },
  {
    "id": "C-1005",
    "policyNumber": "P-9005",
    "customerName": "Eva Smit",
    "status": "Paid",
    "amount": 2045.0,
    "currency": "EUR",
    "lastUpdated": "2025-10-07T16:45:00Z"
  }
]