<policies>
  <inbound>
    <base />
    <check-header name="Ocp-Apim-Subscription-Key" failed-check-httpcode="401"
                  failed-check-error-message="Subscription key is missing">
      <value>true</value>
    </check-header>
    <rate-limit-by-key calls="60" renewal-period="60"
      counter-key="@(context.Subscription?.Key ?? context.Request.IpAddress)" />
    <set-backend-service base-url="https://<YOUR-ACA-INGRESS-HOST>"/>
  </inbound>
  <backend>
    <base />
  </backend>
  <outbound>
    <base />
  </outbound>
  <on-error>
    <base />
  </on-error>
</policies>
